t,V
4.412,1.648
4.4122,1.648
4.4124,1.648
4.4126,1.648
4.4128,1.648
4.413,1.648
4.4132,1.648
4.4134,1.648
4.4136,1.648
4.4138,1.648
4.414,1.648
4.4142,1.64
4.4144,1.64
4.4146,1.648
4.4148,1.648
4.415,1.64
4.4152,1.64
4.4154,1.648
4.4156,1.64
4.4158,1.648
4.416,1.648
4.4162,1.648
4.4164,1.648
4.4166,1.648
4.4168,1.64
4.417,1.648
4.4172,1.648
4.4174,1.64
4.4176,1.648
4.4178,1.648
4.418,1.648
4.4182,1.64
4.4184,1.64
4.4186,1.64
4.4188,1.648
4.419,1.648
4.4192,1.64
4.4194,1.648
4.4196,1.64
4.4198,1.64
4.42,1.64
4.4202,1.648
4.4204,1.64
4.4206,1.64
4.4208,1.64
4.421,1.64
4.4212,1.64
4.4214,1.64
4.4216,1.64
4.4218,1.64
4.422,1.64
4.4222,1.64
4.4224,1.648
4.4226,1.64
4.4228,1.64
4.423,1.64
4.4232,1.64
4.4234,1.64
4.4236,1.64
4.4238,1.64
4.424,1.64
4.4242,1.64
4.4244,1.64
4.4246,1.64
4.4248,1.64
4.425,1.64
4.4252,1.64
4.4254,1.64
4.4256,1.64
4.4258,1.64
4.426,1.64
4.4262,1.64
4.4264,1.64
4.4266,1.64
4.4268,1.64
4.427,1.64
4.4272,1.64
4.4274,1.64
4.4276,1.64
4.4278,1.64
4.428,1.64
4.4282,1.64
4.4284,1.64
4.4286,1.64
4.4288,1.64
4.429,1.632
4.4292,1.64
4.4294,1.64
4.4296,1.64
4.4298,1.64
4.43,1.64
4.4302,1.64
4.4304,1.64
4.4306,1.64
4.4308,1.64
4.431,1.64
4.4312,1.64
4.4314,1.64
4.4316,1.64
4.4318,1.64
4.432,1.64
4.4322,1.64
4.4324,1.632
4.4326,1.64
4.4328,1.64
4.433,1.64
4.4332,1.64
4.4334,1.632
4.4336,1.64
4.4338,1.64
4.434,1.64
4.4342,1.64
4.4344,1.64
4.4346,1.64
4.4348,1.64
4.435,1.64
4.4352,1.632
4.4354,1.64
4.4356,1.64
4.4358,1.64
4.436,1.632
4.4362,1.64
4.4364,1.632
4.4366,1.64
4.4368,1.64
4.437,1.64
4.4372,1.64
4.4374,1.64
4.4376,1.64
4.4378,1.64
4.438,1.64
4.4382,1.64
4.4384,1.64
4.4386,1.632
4.4388,1.64
4.439,1.632
4.4392,1.632
4.4394,1.632
4.4396,1.64
4.4398,1.64
4.44,1.64
4.4402,1.64
4.4404,1.64
4.4406,1.632
4.4408,1.64
4.441,1.632
4.4412,1.64
4.4414,1.64
4.4416,1.64
4.4418,1.64
4.442,1.632
4.4422,1.632
4.4424,1.64
4.4426,1.632
4.4428,1.632
4.443,1.632
4.4432,1.64
4.4434,1.632
4.4436,1.632
4.4438,1.632
4.444,1.632
4.4442,1.632
4.4444,1.632
4.4446,1.632
4.4448,1.632
4.445,1.632
4.4452,1.632
4.4454,1.64
4.4456,1.64
4.4458,1.64
4.446,1.632
4.4462,1.632
4.4464,1.632
4.4466,1.64
4.4468,1.632
4.447,1.632
4.4472,1.64
4.4474,1.632
4.4476,1.632
4.4478,1.632
4.448,1.632
4.4482,1.632
4.4484,1.632
4.4486,1.632
4.4488,1.624
4.449,1.64
4.4492,1.632
4.4494,1.632
4.4496,1.632
4.4498,1.632
4.45,1.632
4.4502,1.632
4.4504,1.632
4.4506,1.632
4.4508,1.632
4.451,1.632
4.4512,1.632
4.4514,1.632
4.4516,1.632
4.4518,1.632
4.452,1.632
4.4522,1.632
4.4524,1.632
4.4526,1.632
4.4528,1.632
4.453,1.624
4.4532,1.632
4.4534,1.632
4.4536,1.632
4.4538,1.632
4.454,1.632
4.4542,1.632
4.4544,1.624
4.4546,1.632
4.4548,1.632
4.455,1.632
4.4552,1.632
4.4554,1.632
4.4556,1.624
4.4558,1.632
4.456,1.624
4.4562,1.632
4.4564,1.632
4.4566,1.624
4.4568,1.624
4.457,1.624
4.4572,1.632
4.4574,1.624
4.4576,1.624
4.4578,1.624
4.458,1.624
4.4582,1.624
4.4584,1.624
4.4586,1.632
4.4588,1.624
4.459,1.624
4.4592,1.624
4.4594,1.624
4.4596,1.624
4.4598,1.624
4.46,1.624
4.4602,1.632
4.4604,1.632
4.4606,1.624
4.4608,1.624
4.461,1.632
4.4612,1.624
4.4614,1.624
4.4616,1.624
4.4618,1.624
4.462,1.624
4.4622,1.624
4.4624,1.624
4.4626,1.624
4.4628,1.624
4.463,1.624
4.4632,1.624
4.4634,1.624
4.4636,1.624
4.4638,1.624
4.464,1.624
4.4642,1.624
4.4644,1.624
4.4646,1.624
4.4648,1.624
4.465,1.624
4.4652,1.624
4.4654,1.624
4.4656,1.624
4.4658,1.624
4.466,1.624
4.4662,1.624
4.4664,1.624
4.4666,1.624
4.4668,1.624
4.467,1.624
4.4672,1.624
4.4674,1.624
4.4676,1.624
4.4678,1.624
4.468,1.624
4.4682,1.624
4.4684,1.624
4.4686,1.624
4.4688,1.624
4.469,1.624
4.4692,1.624
4.4694,1.624
4.4696,1.624
4.4698,1.624
4.47,1.624
4.4702,1.624
4.4704,1.624
4.4706,1.624
4.4708,1.624
4.471,1.624
4.4712,1.624
4.4714,1.624
4.4716,1.616
4.4718,1.624
4.472,1.616
4.4722,1.624
4.4724,1.624
4.4726,1.624
4.4728,1.624
4.473,1.624
4.4732,1.624
4.4734,1.624
4.4736,1.624
4.4738,1.624
4.474,1.624
4.4742,1.624
4.4744,1.624
4.4746,1.624
4.4748,1.616
4.475,1.616
4.4752,1.624
4.4754,1.616
4.4756,1.624
4.4758,1.616
4.476,1.616
4.4762,1.624
4.4764,1.624
4.4766,1.624
4.4768,1.624
4.477,1.624
4.4772,1.616
4.4774,1.616
4.4776,1.624
4.4778,1.616
4.478,1.616
4.4782,1.616
4.4784,1.616
4.4786,1.624
4.4788,1.616
4.479,1.624
4.4792,1.624
4.4794,1.616
4.4796,1.616
4.4798,1.616
4.48,1.616
4.4802,1.624
4.4804,1.624
4.4806,1.616
4.4808,1.616
4.481,1.616
4.4812,1.616
4.4814,1.616
4.4816,1.616
4.4818,1.616
4.482,1.616
4.4822,1.616
4.4824,1.624
4.4826,1.616
4.4828,1.616
4.483,1.616
4.4832,1.616
4.4834,1.616
4.4836,1.616
4.4838,1.616
4.484,1.616
4.4842,1.616
4.4844,1.616
4.4846,1.616
4.4848,1.616
4.485,1.616
4.4852,1.624
4.4854,1.616
4.4856,1.616
4.4858,1.616
4.486,1.616
4.4862,1.616
4.4864,1.616
4.4866,1.616
4.4868,1.616
4.487,1.616
4.4872,1.616
4.4874,1.616
4.4876,1.616
4.4878,1.616
4.488,1.616
4.4882,1.608
4.4884,1.616
4.4886,1.616
4.4888,1.616
4.489,1.616
4.4892,1.616
4.4894,1.616
4.4896,1.616
4.4898,1.616
4.49,1.616
4.4902,1.616
4.4904,1.608
4.4906,1.616
4.4908,1.616
4.491,1.608
4.4912,1.616
4.4914,1.616
4.4916,1.616
4.4918,1.608
4.492,1.608
4.4922,1.616
4.4924,1.608
4.4926,1.608
4.4928,1.616
4.493,1.608
4.4932,1.608
4.4934,1.608
4.4936,1.608
4.4938,1.608
4.494,1.608
4.4942,1.608
4.4944,1.608
4.4946,1.608
4.4948,1.616
4.495,1.608
4.4952,1.608
4.4954,1.608
4.4956,1.616
4.4958,1.616
4.496,1.616
4.4962,1.608
4.4964,1.608
4.4966,1.608
4.4968,1.616
4.497,1.608
4.4972,1.608
4.4974,1.608
4.4976,1.608
4.4978,1.608
4.498,1.608
4.4982,1.608
4.4984,1.608
4.4986,1.616
4.4988,1.608
4.499,1.608
4.4992,1.608
4.4994,1.608
4.4996,1.608
4.4998,1.608
4.5,1.608
4.5002,1.608
4.5004,1.608
4.5006,1.608
4.5008,1.608
4.501,1.608
4.5012,1.608
4.5014,1.6
4.5016,1.608
4.5018,1.608
4.502,1.608
4.5022,1.608
4.5024,1.608
4.5026,1.608
4.5028,1.608
4.503,1.608
4.5032,1.608
4.5034,1.608
4.5036,1.608
4.5038,1.608
4.504,1.608
4.5042,1.608
4.5044,1.608
4.5046,1.608
4.5048,1.6
4.505,1.608
4.5052,1.608
4.5054,1.608
4.5056,1.6
4.5058,1.6
4.506,1.608
4.5062,1.608
4.5064,1.608
4.5066,1.608
4.5068,1.608
4.507,1.608
4.5072,1.6
4.5074,1.6
4.5076,1.608
4.5078,1.608
4.508,1.608
4.5082,1.6
4.5084,1.608
4.5086,1.6
4.5088,1.608
4.509,1.6
4.5092,1.608
4.5094,1.608
4.5096,1.6
4.5098,1.608
4.51,1.6
4.5102,1.6
4.5104,1.608
4.5106,1.608
4.5108,1.6
4.511,1.6
4.5112,1.608
4.5114,1.6
4.5116,1.6
4.5118,1.6
4.512,1.6
4.5122,1.6
4.5124,1.608
4.5126,1.608
4.5128,1.6
4.513,1.608
4.5132,1.6
4.5134,1.6
4.5136,1.6
4.5138,1.6
4.514,1.6
4.5142,1.6
4.5144,1.6
4.5146,1.6
4.5148,1.6
4.515,1.6
4.5152,1.6
4.5154,1.6
4.5156,1.6
4.5158,1.608
4.516,1.6
4.5162,1.6
4.5164,1.6
4.5166,1.6
4.5168,1.6
4.517,1.6
4.5172,1.6
4.5174,1.6
4.5176,1.6
4.5178,1.6
4.518,1.6
4.5182,1.6
4.5184,1.6
4.5186,1.6
4.5188,1.6
4.519,1.6
4.5192,1.6
4.5194,1.6
4.5196,1.6
4.5198,1.6
4.52,1.6
4.5202,1.6
4.5204,1.6
4.5206,1.6
4.5208,1.6
4.521,1.6
4.5212,1.6
4.5214,1.6
4.5216,1.6
4.5218,1.6
4.522,1.6
4.5222,1.592
4.5224,1.6
4.5226,1.6
4.5228,1.6
4.523,1.6
4.5232,1.6
4.5234,1.6
4.5236,1.6
4.5238,1.6
4.524,1.6
4.5242,1.592
4.5244,1.6
4.5246,1.6
4.5248,1.6
4.525,1.6
4.5252,1.592
4.5254,1.592
4.5256,1.6
4.5258,1.592
4.526,1.6
4.5262,1.592
4.5264,1.592
4.5266,1.592
4.5268,1.592
4.527,1.592
4.5272,1.592
4.5274,1.592
4.5276,1.592
4.5278,1.592
4.528,1.592
4.5282,1.592
4.5284,1.592
4.5286,1.592
4.5288,1.592
4.529,1.584
4.5292,1.592
4.5294,1.592
4.5296,1.592
4.5298,1.592
4.53,1.592
4.5302,1.592
4.5304,1.584
4.5306,1.592
4.5308,1.584
4.531,1.584
4.5312,1.584
4.5314,1.584
4.5316,1.584
4.5318,1.584
4.532,1.584
4.5322,1.584
4.5324,1.584
4.5326,1.584
4.5328,1.584
4.533,1.584
4.5332,1.584
4.5334,1.584
4.5336,1.584
4.5338,1.576
4.534,1.584
4.5342,1.584
4.5344,1.576
4.5346,1.576
4.5348,1.576
4.535,1.576
4.5352,1.576
4.5354,1.576
4.5356,1.576
4.5358,1.576
4.536,1.568
4.5362,1.568
4.5364,1.568
4.5366,1.568
4.5368,1.568
4.537,1.568
4.5372,1.568
4.5374,1.568
4.5376,1.56
4.5378,1.56
4.538,1.568
4.5382,1.56
4.5384,1.56
4.5386,1.56
4.5388,1.552
4.539,1.552
4.5392,1.552
4.5394,1.552
4.5396,1.552
4.5398,1.552
4.54,1.552
4.5402,1.544
4.5404,1.544
4.5406,1.544
4.5408,1.536
4.541,1.536
4.5412,1.536
4.5414,1.528
4.5416,1.528
4.5418,1.528
4.542,1.52
4.5422,1.52
4.5424,1.52
4.5426,1.52
4.5428,1.52
4.543,1.512
4.5432,1.512
4.5434,1.512
4.5436,1.512
4.5438,1.504
4.544,1.504
4.5442,1.496
4.5444,1.496
4.5446,1.496
4.5448,1.496
4.545,1.488
4.5452,1.488
4.5454,1.488
4.5456,1.48
4.5458,1.48
4.546,1.472
4.5462,1.472
4.5464,1.464
4.5466,1.464
4.5468,1.464
4.547,1.456
4.5472,1.456
4.5474,1.448
4.5476,1.448
4.5478,1.44
4.548,1.44
4.5482,1.44
4.5484,1.432
4.5486,1.432
4.5488,1.424
4.549,1.424
4.5492,1.416
4.5494,1.416
4.5496,1.416
4.5498,1.416
4.55,1.408
4.5502,1.4
4.5504,1.4
4.5506,1.4
4.5508,1.392
4.551,1.384
4.5512,1.384
4.5514,1.376
4.5516,1.376
4.5518,1.376
4.552,1.368
4.5522,1.368
4.5524,1.36
4.5526,1.352
4.5528,1.352
4.553,1.344
4.5532,1.336
4.5534,1.336
4.5536,1.328
4.5538,1.32
4.554,1.32
4.5542,1.312
4.5544,1.312
4.5546,1.304
4.5548,1.304
4.555,1.296
4.5552,1.296
4.5554,1.288
4.5556,1.28
4.5558,1.28
4.556,1.272
4.5562,1.272
4.5564,1.264
4.5566,1.264
4.5568,1.256
4.557,1.248
4.5572,1.248
4.5574,1.24
4.5576,1.232
4.5578,1.232
4.558,1.224
4.5582,1.216
4.5584,1.208
4.5586,1.208
4.5588,1.2
4.559,1.2
4.5592,1.192
4.5594,1.192
4.5596,1.184
4.5598,1.176
4.56,1.176
4.5602,1.176
4.5604,1.168
4.5606,1.16
4.5608,1.16
4.561,1.16
4.5612,1.152
4.5614,1.144
4.5616,1.144
4.5618,1.144
4.562,1.136
4.5622,1.136
4.5624,1.128
4.5626,1.128
4.5628,1.128
4.563,1.12
4.5632,1.12
4.5634,1.112
4.5636,1.112
4.5638,1.112
4.564,1.112
4.5642,1.104
4.5644,1.104
4.5646,1.096
4.5648,1.104
4.565,1.096
4.5652,1.088
4.5654,1.096
4.5656,1.088
4.5658,1.088
4.566,1.088
4.5662,1.088
4.5664,1.088
4.5666,1.088
4.5668,1.088
4.567,1.08
4.5672,1.08
4.5674,1.08
4.5676,1.088
4.5678,1.08
4.568,1.08
4.5682,1.08
4.5684,1.08
4.5686,1.08
4.5688,1.08
4.569,1.08
4.5692,1.08
4.5694,1.08
4.5696,1.088
4.5698,1.08
4.57,1.088
4.5702,1.08
4.5704,1.088
4.5706,1.088
4.5708,1.096
4.571,1.088
4.5712,1.096
4.5714,1.096
4.5716,1.104
4.5718,1.104
4.572,1.104
4.5722,1.104
4.5724,1.104
4.5726,1.112
4.5728,1.112
4.573,1.112
4.5732,1.12
4.5734,1.12
4.5736,1.12
4.5738,1.128
4.574,1.128
4.5742,1.136
4.5744,1.144
4.5746,1.144
4.5748,1.152
4.575,1.152
4.5752,1.16
4.5754,1.168
4.5756,1.168
4.5758,1.176
4.576,1.176
4.5762,1.184
4.5764,1.184
4.5766,1.192
4.5768,1.2
4.577,1.2
4.5772,1.2
4.5774,1.208
4.5776,1.216
4.5778,1.224
4.578,1.224
4.5782,1.232
4.5784,1.232
4.5786,1.24
4.5788,1.248
4.579,1.248
4.5792,1.256
4.5794,1.256
4.5796,1.272
4.5798,1.272
4.58,1.28
4.5802,1.28
4.5804,1.288
4.5806,1.304
4.5808,1.304
4.581,1.312
4.5812,1.312
4.5814,1.32
4.5816,1.32
4.5818,1.328
4.582,1.336
4.5822,1.336
4.5824,1.336
4.5826,1.344
4.5828,1.352
4.583,1.352
4.5832,1.352
4.5834,1.36
4.5836,1.36
4.5838,1.368
4.584,1.376
4.5842,1.376
4.5844,1.376
4.5846,1.384
4.5848,1.392
4.585,1.392
4.5852,1.4
4.5854,1.4
4.5856,1.408
4.5858,1.408
4.586,1.416
4.5862,1.416
4.5864,1.424
4.5866,1.424
4.5868,1.432
4.587,1.432
4.5872,1.44
4.5874,1.44
4.5876,1.44
4.5878,1.44
4.588,1.44
4.5882,1.448
4.5884,1.448
4.5886,1.448
4.5888,1.456
4.589,1.456
4.5892,1.448
4.5894,1.456
4.5896,1.456
4.5898,1.456
4.59,1.456
4.5902,1.456
4.5904,1.456
4.5906,1.456
4.5908,1.456
4.591,1.456
4.5912,1.464
4.5914,1.456
4.5916,1.456
4.5918,1.448
4.592,1.448
4.5922,1.448
4.5924,1.448
4.5926,1.448
4.5928,1.448
4.593,1.44
4.5932,1.44
4.5934,1.44
4.5936,1.432
4.5938,1.432
4.594,1.424
4.5942,1.424
4.5944,1.424
4.5946,1.416
4.5948,1.408
4.595,1.408
4.5952,1.4
4.5954,1.4
4.5956,1.392
4.5958,1.384
4.596,1.376
4.5962,1.376
4.5964,1.376
4.5966,1.368
4.5968,1.36
4.597,1.352
4.5972,1.344
4.5974,1.336
4.5976,1.328
4.5978,1.32
4.598,1.312
4.5982,1.312
4.5984,1.304
4.5986,1.296
4.5988,1.288
4.599,1.28
4.5992,1.264
4.5994,1.264
4.5996,1.256
4.5998,1.248
4.6,1.248
4.6002,1.232
4.6004,1.232
4.6006,1.216
4.6008,1.2
4.601,1.192
4.6012,1.184
4.6014,1.176
4.6016,1.16
4.6018,1.152
4.602,1.144
4.6022,1.136
4.6024,1.12
4.6026,1.112
4.6028,1.096
4.603,1.088
4.6032,1.08
4.6034,1.064
4.6036,1.056
4.6038,1.04
4.604,1.032
4.6042,1.024
4.6044,1.008
4.6046,1
4.6048,0.984
4.605,0.976
4.6052,0.968
4.6054,0.96
4.6056,0.952
4.6058,0.936
4.606,0.928
4.6062,0.92
4.6064,0.904
4.6066,0.896
4.6068,0.888
4.607,0.872
4.6072,0.856
4.6074,0.848
4.6076,0.84
4.6078,0.832
4.608,0.824
4.6082,0.808
4.6084,0.792
4.6086,0.784
4.6088,0.768
4.609,0.76
4.6092,0.752
4.6094,0.744
4.6096,0.736
4.6098,0.728
4.61,0.72
4.6102,0.712
4.6104,0.704
4.6106,0.696
4.6108,0.688
4.611,0.68
4.6112,0.672
4.6114,0.664
4.6116,0.656
4.6118,0.656
4.612,0.648
4.6122,0.648
4.6124,0.64
4.6126,0.624
4.6128,0.624
4.613,0.624
4.6132,0.616
4.6134,0.608
4.6136,0.608
4.6138,0.608
4.614,0.6
4.6142,0.592
4.6144,0.592
4.6146,0.584
4.6148,0.584
4.615,0.584
4.6152,0.576
4.6154,0.576
4.6156,0.576
4.6158,0.568
4.616,0.576
4.6162,0.568
4.6164,0.568
4.6166,0.568
4.6168,0.568
4.617,0.568
4.6172,0.568
4.6174,0.56
4.6176,0.56
4.6178,0.56
4.618,0.568
4.6182,0.568
4.6184,0.568
4.6186,0.568
4.6188,0.568
4.619,0.568
4.6192,0.568
4.6194,0.568
4.6196,0.568
4.6198,0.568
4.62,0.576
4.6202,0.576
4.6204,0.576
4.6206,0.584
4.6208,0.592
4.621,0.592
4.6212,0.592
4.6214,0.6
4.6216,0.6
4.6218,0.608
4.622,0.608
4.6222,0.616
4.6224,0.616
4.6226,0.624
4.6228,0.632
4.623,0.632
4.6232,0.64
4.6234,0.648
4.6236,0.648
4.6238,0.664
4.624,0.672
4.6242,0.68
4.6244,0.688
4.6246,0.696
4.6248,0.704
4.625,0.712
4.6252,0.72
4.6254,0.728
4.6256,0.744
4.6258,0.752
4.626,0.76
4.6262,0.768
4.6264,0.776
4.6266,0.784
4.6268,0.792
4.627,0.8
4.6272,0.808
4.6274,0.824
4.6276,0.832
4.6278,0.84
4.628,0.848
4.6282,0.864
4.6284,0.872
4.6286,0.88
4.6288,0.896
4.629,0.904
4.6292,0.912
4.6294,0.928
4.6296,0.936
4.6298,0.944
4.63,0.96
4.6302,0.968
4.6304,0.984
4.6306,0.992
4.6308,1.008
4.631,1.016
4.6312,1.032
4.6314,1.04
4.6316,1.056
4.6318,1.064
4.632,1.072
4.6322,1.08
4.6324,1.088
4.6326,1.096
4.6328,1.112
4.633,1.112
4.6332,1.12
4.6334,1.136
4.6336,1.144
4.6338,1.16
4.634,1.16
4.6342,1.176
4.6344,1.184
4.6346,1.192
4.6348,1.208
4.635,1.216
4.6352,1.224
4.6354,1.24
4.6356,1.24
4.6358,1.256
4.636,1.264
4.6362,1.272
4.6364,1.28
4.6366,1.296
4.6368,1.296
4.637,1.304
4.6372,1.312
4.6374,1.32
4.6376,1.328
4.6378,1.336
4.638,1.344
4.6382,1.352
4.6384,1.352
4.6386,1.368
4.6388,1.376
4.639,1.376
4.6392,1.384
4.6394,1.392
4.6396,1.392
4.6398,1.4
4.64,1.408
4.6402,1.416
4.6404,1.416
4.6406,1.424
4.6408,1.432
4.641,1.44
4.6412,1.44
4.6414,1.448
4.6416,1.456
4.6418,1.456
4.642,1.464
4.6422,1.464
4.6424,1.464
4.6426,1.472
4.6428,1.48
4.643,1.48
4.6432,1.48
4.6434,1.488
4.6436,1.488
4.6438,1.488
4.644,1.496
4.6442,1.496
4.6444,1.496
4.6446,1.496
4.6448,1.504
4.645,1.504
4.6452,1.512
4.6454,1.512
4.6456,1.512
4.6458,1.512
4.646,1.512
4.6462,1.512
4.6464,1.512
4.6466,1.52
4.6468,1.52
4.647,1.52
4.6472,1.52
4.6474,1.52
4.6476,1.52
4.6478,1.528
4.648,1.528
4.6482,1.528
4.6484,1.528
4.6486,1.528
4.6488,1.528
4.649,1.536
4.6492,1.536
4.6494,1.536
4.6496,1.528
4.6498,1.528
4.65,1.528
4.6502,1.536
4.6504,1.536
4.6506,1.536
4.6508,1.536
4.651,1.536
4.6512,1.536
4.6514,1.536
4.6516,1.536
4.6518,1.536
4.652,1.536
4.6522,1.544
4.6524,1.536
4.6526,1.536
4.6528,1.536
4.653,1.536
4.6532,1.536
4.6534,1.536
4.6536,1.536
4.6538,1.536
4.654,1.544
4.6542,1.544
4.6544,1.544
4.6546,1.536
4.6548,1.536
4.655,1.544
4.6552,1.536
4.6554,1.536
4.6556,1.544
4.6558,1.544
4.656,1.544
4.6562,1.544
4.6564,1.544
4.6566,1.536
4.6568,1.536
4.657,1.536
4.6572,1.536
4.6574,1.536
4.6576,1.536
4.6578,1.544
4.658,1.544
4.6582,1.536
4.6584,1.536
4.6586,1.544
4.6588,1.536
4.659,1.536
4.6592,1.536
4.6594,1.544
4.6596,1.536
4.6598,1.536
4.66,1.536
4.6602,1.536
4.6604,1.536
4.6606,1.536
4.6608,1.536
4.661,1.536
4.6612,1.544
4.6614,1.544
4.6616,1.536
4.6618,1.536
4.662,1.544
4.6622,1.536
4.6624,1.536
4.6626,1.536
4.6628,1.544
4.663,1.536
4.6632,1.536
4.6634,1.536
4.6636,1.536
4.6638,1.536
4.664,1.536
4.6642,1.536
4.6644,1.536
4.6646,1.536
4.6648,1.536
4.665,1.536
4.6652,1.536
4.6654,1.536
4.6656,1.536
4.6658,1.536
4.666,1.536
4.6662,1.536
4.6664,1.536
4.6666,1.536
4.6668,1.536
4.667,1.536
4.6672,1.536
4.6674,1.536
4.6676,1.536
4.6678,1.536
4.668,1.536
4.6682,1.536
4.6684,1.536
4.6686,1.536
4.6688,1.536
4.669,1.536
4.6692,1.536
4.6694,1.536
4.6696,1.536
4.6698,1.536
4.67,1.536
4.6702,1.536
4.6704,1.536
4.6706,1.536
4.6708,1.536
4.671,1.536
4.6712,1.536
4.6714,1.536
4.6716,1.528
4.6718,1.536
4.672,1.536
4.6722,1.536
4.6724,1.528
4.6726,1.536
4.6728,1.536
4.673,1.536
4.6732,1.528
4.6734,1.536
4.6736,1.536
4.6738,1.536
4.674,1.536
4.6742,1.536
4.6744,1.536
4.6746,1.528
4.6748,1.536
4.675,1.536
4.6752,1.536
4.6754,1.528
4.6756,1.536
4.6758,1.536
4.676,1.536
4.6762,1.536
4.6764,1.536
4.6766,1.528
4.6768,1.536
4.677,1.536
4.6772,1.536
4.6774,1.536
4.6776,1.536
4.6778,1.528
4.678,1.536
4.6782,1.528
4.6784,1.528
4.6786,1.528
4.6788,1.536
4.679,1.528
4.6792,1.528
4.6794,1.528
4.6796,1.528
4.6798,1.528
4.68,1.528
4.6802,1.528
4.6804,1.528
4.6806,1.528
4.6808,1.528
4.681,1.528
4.6812,1.528
4.6814,1.528
4.6816,1.528
4.6818,1.528
4.682,1.528
4.6822,1.528
4.6824,1.528
4.6826,1.528
4.6828,1.528
4.683,1.528
4.6832,1.528
4.6834,1.528
4.6836,1.528
4.6838,1.528
4.684,1.528
4.6842,1.528
4.6844,1.528
4.6846,1.528
4.6848,1.528
4.685,1.528
4.6852,1.528
4.6854,1.528
4.6856,1.528
4.6858,1.536
4.686,1.52
4.6862,1.52
4.6864,1.528
4.6866,1.528
4.6868,1.528
4.687,1.528
4.6872,1.528
4.6874,1.528
4.6876,1.528
4.6878,1.528
4.688,1.528
4.6882,1.528
4.6884,1.528
4.6886,1.528
4.6888,1.528
4.689,1.528
4.6892,1.52
4.6894,1.528
4.6896,1.528
4.6898,1.528
4.69,1.528
4.6902,1.528
4.6904,1.52
4.6906,1.52
4.6908,1.52
4.691,1.52
4.6912,1.528
4.6914,1.528
4.6916,1.52
4.6918,1.528
4.692,1.528
4.6922,1.52
4.6924,1.52
4.6926,1.528
4.6928,1.52
4.693,1.52
4.6932,1.52
4.6934,1.528
4.6936,1.52
4.6938,1.52
4.694,1.52
4.6942,1.52
4.6944,1.52
4.6946,1.52
4.6948,1.528
4.695,1.52
4.6952,1.52
4.6954,1.52
4.6956,1.52
4.6958,1.52
4.696,1.52
4.6962,1.52
4.6964,1.52
4.6966,1.52
4.6968,1.52
4.697,1.52
4.6972,1.52
4.6974,1.528
4.6976,1.52
4.6978,1.52
4.698,1.52
4.6982,1.52
4.6984,1.52
4.6986,1.52
4.6988,1.52
4.699,1.52
4.6992,1.52
4.6994,1.52
4.6996,1.52
4.6998,1.52
4.7,1.52
4.7002,1.52
4.7004,1.52
4.7006,1.52
4.7008,1.52
4.701,1.52
4.7012,1.52
4.7014,1.52
4.7016,1.52
4.7018,1.52
4.702,1.52
4.7022,1.52
4.7024,1.52
4.7026,1.52
4.7028,1.52
4.703,1.52
4.7032,1.52
4.7034,1.52
4.7036,1.52
4.7038,1.52
4.704,1.52
4.7042,1.52
4.7044,1.52
4.7046,1.512
4.7048,1.512
4.705,1.512
4.7052,1.52
4.7054,1.52
4.7056,1.512
4.7058,1.52
4.706,1.512
4.7062,1.52
4.7064,1.52
4.7066,1.52
4.7068,1.512
4.707,1.52
4.7072,1.512
4.7074,1.512
4.7076,1.52
4.7078,1.512
4.708,1.512
4.7082,1.512
4.7084,1.512
4.7086,1.512
4.7088,1.512
4.709,1.512
4.7092,1.512
4.7094,1.512
4.7096,1.512
4.7098,1.512
4.71,1.512
4.7102,1.512
4.7104,1.512
4.7106,1.512
4.7108,1.512
4.711,1.512
4.7112,1.512
4.7114,1.512
4.7116,1.512
4.7118,1.512
4.712,1.512
4.7122,1.504
4.7124,1.504
4.7126,1.504
4.7128,1.504
4.713,1.504
4.7132,1.496
4.7134,1.504
4.7136,1.504
4.7138,1.504
4.714,1.504
4.7142,1.496
4.7144,1.496
4.7146,1.496
4.7148,1.496
4.715,1.496
4.7152,1.496
4.7154,1.496
4.7156,1.488
4.7158,1.488
4.716,1.496
4.7162,1.488
4.7164,1.488
4.7166,1.488
4.7168,1.48
4.717,1.48
4.7172,1.48
4.7174,1.48
4.7176,1.48
4.7178,1.472
4.718,1.472
4.7182,1.472
4.7184,1.464
4.7186,1.464
4.7188,1.456
4.719,1.464
4.7192,1.456
4.7194,1.448
4.7196,1.448
4.7198,1.448
4.72,1.44
4.7202,1.44
4.7204,1.432
4.7206,1.432
4.7208,1.424
4.721,1.424
4.7212,1.416
4.7214,1.416
4.7216,1.408
4.7218,1.408
4.722,1.4
4.7222,1.4
4.7224,1.392
4.7226,1.384
4.7228,1.376
4.723,1.376
4.7232,1.368
4.7234,1.368
4.7236,1.368
4.7238,1.36
4.724,1.352
4.7242,1.344
4.7244,1.336
4.7246,1.32
4.7248,1.32
4.725,1.312
4.7252,1.304
4.7254,1.296
4.7256,1.288
4.7258,1.28
4.726,1.264
4.7262,1.264
4.7264,1.256
4.7266,1.248
4.7268,1.24
4.727,1.232
4.7272,1.224
4.7274,1.216
4.7276,1.208
4.7278,1.2
4.728,1.192
4.7282,1.176
4.7284,1.176
4.7286,1.168
4.7288,1.152
4.729,1.144
4.7292,1.144
4.7294,1.128
4.7296,1.12
4.7298,1.112
4.73,1.112
4.7302,1.096
4.7304,1.088
4.7306,1.072
4.7308,1.072
4.731,1.064
4.7312,1.048
4.7314,1.04
4.7316,1.032
4.7318,1.024
4.732,1.016
4.7322,1.008
4.7324,1
4.7326,0.992
4.7328,0.984
4.733,0.984
4.7332,0.984
4.7334,0.968
4.7336,0.96
4.7338,0.952
4.734,0.952
4.7342,0.936
4.7344,0.928
4.7346,0.92
4.7348,0.912
4.735,0.904
4.7352,0.896
4.7354,0.888
4.7356,0.88
4.7358,0.88
4.736,0.872
4.7362,0.864
4.7364,0.856
4.7366,0.856
4.7368,0.848
4.737,0.84
4.7372,0.832
4.7374,0.832
4.7376,0.824
4.7378,0.824
4.738,0.816
4.7382,0.808
4.7384,0.808
4.7386,0.808
4.7388,0.8
4.739,0.8
4.7392,0.8
4.7394,0.792
4.7396,0.784
4.7398,0.784
4.74,0.784
4.7402,0.776
4.7404,0.776
4.7406,0.776
4.7408,0.776
4.741,0.768
4.7412,0.776
4.7414,0.776
4.7416,0.768
4.7418,0.768
4.742,0.768
4.7422,0.768
4.7424,0.768
4.7426,0.776
4.7428,0.768
4.743,0.768
4.7432,0.776
4.7434,0.776
4.7436,0.776
4.7438,0.784
4.744,0.784
4.7442,0.784
4.7444,0.792
4.7446,0.792
4.7448,0.792
4.745,0.8
4.7452,0.8
4.7454,0.808
4.7456,0.808
4.7458,0.808
4.746,0.816
4.7462,0.816
4.7464,0.824
4.7466,0.824
4.7468,0.832
4.747,0.84
4.7472,0.84
4.7474,0.856
4.7476,0.856
4.7478,0.864
4.748,0.872
4.7482,0.872
4.7484,0.888
4.7486,0.896
4.7488,0.896
4.749,0.904
4.7492,0.904
4.7494,0.912
4.7496,0.92
4.7498,0.928
4.75,0.928
4.7502,0.936
4.7504,0.944
4.7506,0.96
4.7508,0.968
4.751,0.976
4.7512,0.976
4.7514,0.992
4.7516,1
4.7518,1.008
4.752,1.016
4.7522,1.024
4.7524,1.032
4.7526,1.032
4.7528,1.048
4.753,1.056
4.7532,1.064
4.7534,1.072
4.7536,1.088
4.7538,1.088
4.754,1.104
4.7542,1.112
4.7544,1.12
4.7546,1.128
4.7548,1.136
4.755,1.144
4.7552,1.152
4.7554,1.16
4.7556,1.168
4.7558,1.176
4.756,1.184
4.7562,1.192
4.7564,1.2
4.7566,1.216
4.7568,1.216
4.757,1.224
4.7572,1.24
4.7574,1.24
4.7576,1.248
4.7578,1.264
4.758,1.272
4.7582,1.28
4.7584,1.288
4.7586,1.296
4.7588,1.304
4.759,1.304
4.7592,1.312
4.7594,1.32
4.7596,1.32
4.7598,1.336
4.76,1.336
4.7602,1.344
4.7604,1.344
4.7606,1.352
4.7608,1.36
4.761,1.36
4.7612,1.368
4.7614,1.368
4.7616,1.376
4.7618,1.376
4.762,1.384
4.7622,1.392
4.7624,1.392
4.7626,1.4
4.7628,1.408
4.763,1.408
4.7632,1.408
4.7634,1.416
4.7636,1.416
4.7638,1.424
4.764,1.424
4.7642,1.424
4.7644,1.432
4.7646,1.44
4.7648,1.44
4.765,1.44
4.7652,1.44
4.7654,1.448
4.7656,1.448
4.7658,1.448
4.766,1.456
4.7662,1.448
4.7664,1.456
4.7666,1.456
4.7668,1.456
4.767,1.464
4.7672,1.464
4.7674,1.464
4.7676,1.464
4.7678,1.464
4.768,1.464
4.7682,1.464
4.7684,1.472
4.7686,1.472
4.7688,1.472
4.769,1.48
4.7692,1.48
4.7694,1.48
4.7696,1.472
4.7698,1.48
4.77,1.48
4.7702,1.48
4.7704,1.48
4.7706,1.48
4.7708,1.48
4.771,1.48
4.7712,1.48
4.7714,1.488
4.7716,1.488
4.7718,1.488
4.772,1.488
4.7722,1.488
4.7724,1.488
4.7726,1.488
4.7728,1.488
4.773,1.488
4.7732,1.496
4.7734,1.496
4.7736,1.488
4.7738,1.496
4.774,1.488
4.7742,1.496
4.7744,1.488
4.7746,1.488
4.7748,1.496
4.775,1.488
4.7752,1.496
4.7754,1.488
4.7756,1.496
4.7758,1.496
4.776,1.496
4.7762,1.496
4.7764,1.496
4.7766,1.496
4.7768,1.496
4.777,1.488
4.7772,1.496
4.7774,1.496
4.7776,1.496
4.7778,1.496
4.778,1.496
4.7782,1.496
4.7784,1.496
4.7786,1.496
4.7788,1.496
4.779,1.496
4.7792,1.496
4.7794,1.496
4.7796,1.496
4.7798,1.496
4.78,1.496
4.7802,1.496
4.7804,1.496
4.7806,1.496
4.7808,1.496
4.781,1.496
4.7812,1.496
4.7814,1.496
4.7816,1.496
4.7818,1.496
4.782,1.496
4.7822,1.496
4.7824,1.496
4.7826,1.496
4.7828,1.496
4.783,1.496
4.7832,1.496
4.7834,1.496
4.7836,1.496
4.7838,1.488
4.784,1.496
4.7842,1.496
4.7844,1.496
4.7846,1.496
4.7848,1.496
4.785,1.496
4.7852,1.496
4.7854,1.496
4.7856,1.496
4.7858,1.496
4.786,1.496
4.7862,1.496
4.7864,1.496
4.7866,1.496
4.7868,1.496
4.787,1.496
4.7872,1.496
4.7874,1.496
4.7876,1.496
4.7878,1.496
4.788,1.496
4.7882,1.496
4.7884,1.496
4.7886,1.496
4.7888,1.488
4.789,1.488
4.7892,1.496
4.7894,1.496
4.7896,1.496
4.7898,1.496
4.79,1.496
4.7902,1.496
4.7904,1.488
4.7906,1.488
4.7908,1.496
4.791,1.488
4.7912,1.496
4.7914,1.488
4.7916,1.496
4.7918,1.488
4.792,1.496
4.7922,1.496
4.7924,1.488
4.7926,1.488
4.7928,1.496
4.793,1.496
4.7932,1.488
4.7934,1.488
4.7936,1.488
4.7938,1.488
4.794,1.496
4.7942,1.496
4.7944,1.496
4.7946,1.496
4.7948,1.488
4.795,1.496
4.7952,1.488
4.7954,1.488
4.7956,1.488
4.7958,1.488
4.796,1.488
4.7962,1.488
4.7964,1.488
4.7966,1.488
4.7968,1.488
4.797,1.488
4.7972,1.488
4.7974,1.488
4.7976,1.488
4.7978,1.488
4.798,1.488
4.7982,1.488
4.7984,1.488
4.7986,1.488
4.7988,1.488
4.799,1.488
4.7992,1.488
4.7994,1.488
4.7996,1.496
4.7998,1.488
4.8,1.488
4.8002,1.48
4.8004,1.488
4.8006,1.488
4.8008,1.488
4.801,1.488
4.8012,1.496
4.8014,1.488
4.8016,1.488
4.8018,1.488
4.802,1.488
4.8022,1.488
4.8024,1.488
4.8026,1.488
4.8028,1.488
4.803,1.488
4.8032,1.488
4.8034,1.488
4.8036,1.488
4.8038,1.488
4.804,1.488
4.8042,1.488
4.8044,1.488
4.8046,1.488
4.8048,1.488
4.805,1.488
4.8052,1.488
4.8054,1.488
4.8056,1.488
4.8058,1.48
4.806,1.488
4.8062,1.488
4.8064,1.48
4.8066,1.48
4.8068,1.488
4.807,1.48
4.8072,1.48
4.8074,1.48
4.8076,1.488
4.8078,1.48
4.808,1.48
4.8082,1.488
4.8084,1.488
4.8086,1.48
4.8088,1.48
4.809,1.488
4.8092,1.48
4.8094,1.488
4.8096,1.48
4.8098,1.488
4.81,1.48
4.8102,1.48
4.8104,1.48
4.8106,1.48
4.8108,1.48
4.811,1.48
4.8112,1.48
4.8114,1.48
4.8116,1.48
4.8118,1.48
4.812,1.48
4.8122,1.48
4.8124,1.48
4.8126,1.48
4.8128,1.48
4.813,1.48
4.8132,1.48
4.8134,1.48
4.8136,1.48
4.8138,1.48
4.814,1.48
4.8142,1.472
4.8144,1.48
4.8146,1.48
4.8148,1.48
4.815,1.48
4.8152,1.48
4.8154,1.48
4.8156,1.48
4.8158,1.48
4.816,1.472
4.8162,1.48
4.8164,1.48
4.8166,1.472
4.8168,1.48
4.817,1.48
4.8172,1.48
4.8174,1.472
4.8176,1.48
4.8178,1.472
4.818,1.472
4.8182,1.472
4.8184,1.472
4.8186,1.472
4.8188,1.472
4.819,1.464
4.8192,1.472
4.8194,1.472
4.8196,1.464
4.8198,1.464
4.82,1.464
4.8202,1.472
4.8204,1.472
4.8206,1.464
4.8208,1.464
4.821,1.464
4.8212,1.464
4.8214,1.464
4.8216,1.464
4.8218,1.464
4.822,1.464
4.8222,1.464
4.8224,1.464
4.8226,1.464
4.8228,1.456
4.823,1.456
4.8232,1.456
4.8234,1.456
4.8236,1.456
4.8238,1.456
4.824,1.448
4.8242,1.448
4.8244,1.448
4.8246,1.448
4.8248,1.44
4.825,1.44
4.8252,1.44
4.8254,1.44
4.8256,1.44
4.8258,1.44
4.826,1.44
4.8262,1.432
4.8264,1.432
4.8266,1.432
4.8268,1.424
4.827,1.424
4.8272,1.424
4.8274,1.416
4.8276,1.416
4.8278,1.416
4.828,1.416
4.8282,1.416
4.8284,1.416
4.8286,1.408
4.8288,1.408
4.829,1.408
4.8292,1.4
4.8294,1.4
4.8296,1.392
4.8298,1.392
4.83,1.392
4.8302,1.392
4.8304,1.384
4.8306,1.384
4.8308,1.384
4.831,1.376
4.8312,1.376
4.8314,1.376
4.8316,1.376
4.8318,1.368
4.832,1.368
4.8322,1.36
4.8324,1.36
4.8326,1.352
4.8328,1.36
4.833,1.352
4.8332,1.352
4.8334,1.344
4.8336,1.344
4.8338,1.344
4.834,1.336
4.8342,1.336
4.8344,1.328
4.8346,1.328
4.8348,1.328
4.835,1.32
4.8352,1.32
4.8354,1.312
4.8356,1.312
4.8358,1.304
4.836,1.304
4.8362,1.304
4.8364,1.296
4.8366,1.296
4.8368,1.288
4.837,1.296
4.8372,1.28
4.8374,1.28
4.8376,1.28
4.8378,1.28
4.838,1.272
4.8382,1.272
4.8384,1.264
4.8386,1.264
4.8388,1.264
4.839,1.256
4.8392,1.256
4.8394,1.248
4.8396,1.248
4.8398,1.248
4.84,1.24
4.8402,1.24
4.8404,1.24
4.8406,1.24
4.8408,1.232
4.841,1.232
4.8412,1.232
4.8414,1.224
4.8416,1.224
4.8418,1.216
4.842,1.216
4.8422,1.208
4.8424,1.216
4.8426,1.208
4.8428,1.208
4.843,1.208
4.8432,1.208
4.8434,1.2
4.8436,1.2
4.8438,1.2
4.844,1.2
4.8442,1.2
4.8444,1.2
4.8446,1.192
4.8448,1.192
4.845,1.192
4.8452,1.192
4.8454,1.192
4.8456,1.192
4.8458,1.192
4.846,1.192
4.8462,1.192
4.8464,1.192
4.8466,1.192
4.8468,1.192
4.847,1.192
4.8472,1.192
4.8474,1.192
4.8476,1.192
4.8478,1.192
4.848,1.192
4.8482,1.192
4.8484,1.192
4.8486,1.192
4.8488,1.192
4.849,1.2
4.8492,1.2
4.8494,1.192
4.8496,1.192
4.8498,1.2
4.85,1.2
4.8502,1.2
4.8504,1.2
4.8506,1.208
4.8508,1.2
4.851,1.208
4.8512,1.208
4.8514,1.208
4.8516,1.216
4.8518,1.216
4.852,1.216
4.8522,1.224
4.8524,1.224
4.8526,1.224
4.8528,1.224
4.853,1.232
4.8532,1.232
4.8534,1.232
4.8536,1.232
4.8538,1.24
4.854,1.24
4.8542,1.24
4.8544,1.248
4.8546,1.248
4.8548,1.248
4.855,1.248
4.8552,1.256
4.8554,1.264
4.8556,1.264
4.8558,1.264
4.856,1.264
4.8562,1.264
4.8564,1.272
4.8566,1.28
4.8568,1.28
4.857,1.28
4.8572,1.28
4.8574,1.288
4.8576,1.296
4.8578,1.296
4.858,1.304
4.8582,1.304
4.8584,1.304
4.8586,1.312
4.8588,1.312
4.859,1.32
4.8592,1.32
4.8594,1.32
4.8596,1.328
4.8598,1.32
4.86,1.336
4.8602,1.336
4.8604,1.336
4.8606,1.336
4.8608,1.344
4.861,1.344
4.8612,1.352
4.8614,1.352
4.8616,1.352
4.8618,1.352
4.862,1.36
4.8622,1.36
4.8624,1.368
4.8626,1.368
4.8628,1.368
4.863,1.376
4.8632,1.376
4.8634,1.376
4.8636,1.376
4.8638,1.376
4.864,1.384
4.8642,1.384
4.8644,1.392
4.8646,1.392
4.8648,1.392
4.865,1.392
4.8652,1.392
4.8654,1.4
4.8656,1.392
4.8658,1.4
4.866,1.4
4.8662,1.4
4.8664,1.408
4.8666,1.408
4.8668,1.408
4.867,1.408
4.8672,1.416
4.8674,1.416
4.8676,1.416
4.8678,1.416
4.868,1.416
4.8682,1.424
4.8684,1.424
4.8686,1.424
4.8688,1.424
4.869,1.424
4.8692,1.424
4.8694,1.424
4.8696,1.432
4.8698,1.424
4.87,1.432
4.8702,1.432
4.8704,1.432
4.8706,1.44
4.8708,1.432
4.871,1.44
4.8712,1.44
4.8714,1.44
4.8716,1.44
4.8718,1.44
4.872,1.44
4.8722,1.44
4.8724,1.448
4.8726,1.44
4.8728,1.44
4.873,1.44
4.8732,1.448
4.8734,1.448
4.8736,1.448
4.8738,1.448
4.874,1.448
4.8742,1.448
4.8744,1.448
4.8746,1.448
4.8748,1.448
4.875,1.448
4.8752,1.448
4.8754,1.448
4.8756,1.448
4.8758,1.448
4.876,1.448
4.8762,1.456
4.8764,1.456
4.8766,1.448
4.8768,1.456
4.877,1.456
4.8772,1.448
4.8774,1.448
4.8776,1.448
4.8778,1.448
4.878,1.448
4.8782,1.456
4.8784,1.448
4.8786,1.448
4.8788,1.456
4.879,1.448
4.8792,1.456
4.8794,1.456
4.8796,1.456
4.8798,1.448
4.88,1.456
4.8802,1.456
4.8804,1.448
4.8806,1.456
4.8808,1.456
4.881,1.456
4.8812,1.448
4.8814,1.456
4.8816,1.456
4.8818,1.456
4.882,1.448
4.8822,1.456
4.8824,1.456
4.8826,1.456
4.8828,1.456
4.883,1.456
4.8832,1.456
4.8834,1.456
4.8836,1.456
4.8838,1.456
4.884,1.456
4.8842,1.456
4.8844,1.456
4.8846,1.456
4.8848,1.456
4.885,1.456
4.8852,1.456
4.8854,1.448
4.8856,1.448
4.8858,1.456
4.886,1.448
4.8862,1.456
4.8864,1.448
4.8866,1.448
4.8868,1.456
4.887,1.456
4.8872,1.448
4.8874,1.448
4.8876,1.456
4.8878,1.448
4.888,1.456
4.8882,1.448
4.8884,1.456
4.8886,1.456
4.8888,1.456
4.889,1.456
4.8892,1.448
4.8894,1.456
4.8896,1.448
4.8898,1.456
4.89,1.456
4.8902,1.448
4.8904,1.448
4.8906,1.456
4.8908,1.456
4.891,1.448
4.8912,1.456
4.8914,1.456
4.8916,1.448
4.8918,1.456
4.892,1.448
4.8922,1.448
4.8924,1.448
4.8926,1.456
4.8928,1.448
4.893,1.448
4.8932,1.448
4.8934,1.448
4.8936,1.448
4.8938,1.448
4.894,1.448
4.8942,1.448
4.8944,1.448
4.8946,1.448
4.8948,1.456
4.895,1.448
4.8952,1.448
4.8954,1.448
4.8956,1.448
4.8958,1.448
4.896,1.448
4.8962,1.448
4.8964,1.448
4.8966,1.456
4.8968,1.448
4.897,1.448
4.8972,1.448
4.8974,1.448
4.8976,1.448
4.8978,1.448
4.898,1.448
4.8982,1.456
4.8984,1.448
4.8986,1.456
4.8988,1.448
4.899,1.456
4.8992,1.448
4.8994,1.448
4.8996,1.448
4.8998,1.456
4.9,1.448
4.9002,1.456
4.9004,1.448
4.9006,1.456
4.9008,1.456
4.901,1.456
4.9012,1.448
4.9014,1.456
4.9016,1.448
4.9018,1.448
4.902,1.456
4.9022,1.448
4.9024,1.448
4.9026,1.456
4.9028,1.448
4.903,1.456
4.9032,1.456
4.9034,1.456
4.9036,1.448
4.9038,1.448
4.904,1.456
4.9042,1.448
4.9044,1.456
4.9046,1.456
4.9048,1.456
4.905,1.456
4.9052,1.448
4.9054,1.456
4.9056,1.448
4.9058,1.448
4.906,1.456
4.9062,1.456
4.9064,1.456
4.9066,1.456
4.9068,1.456
4.907,1.448
4.9072,1.456
4.9074,1.456
4.9076,1.456
4.9078,1.456
4.908,1.456
4.9082,1.456
4.9084,1.456
4.9086,1.456
4.9088,1.456
4.909,1.456
4.9092,1.456
4.9094,1.456
4.9096,1.456
4.9098,1.456
4.91,1.456
4.9102,1.448
4.9104,1.456
4.9106,1.456
4.9108,1.456
4.911,1.456
4.9112,1.456
4.9114,1.456
4.9116,1.456
4.9118,1.456
